#179C2B,#179C2B,#179C2B,#179C2B,#179C2B,#179C2B,#179C2B,#179C2B,#179C2B,#179C2B,#22AB37,#22AB37,#22AB37,#22AB37,#22AB37,#22AB37,#22AB37,#22AB37,#22AB37,#22AB37,#22AB37,#22AB37,#22AB37,#22AB37,#22AB37,#22AB37,#22AB37,#22AB37,#22AB37,#22AB37,#179C2B,#179C2B,#179C2B,#179C2B,#179C2B,#179C2B,#179C2B,#179C2B,#179C2B,#179C2B,#22AB37,#22AB37,#22AB37,#22AB37,#22AB37,#22AB37,#22AB37,#22AB37,#22AB37,#22AB37
#179C2B,#179C2B,#179C2B,#179C2B,#179C2B,#179C2B,#179C2B,#179C2B,#179C2B,#179C2B,#22AB37,#22AB37,#22AB37,#22AB37,#22AB37,#22AB37,#22AB37,#22AB37,#22AB37,#22AB37,#22AB37,#22AB37,#22AB37,#22AB37,#22AB37,#22AB37,#22AB37,#22AB37,#22AB37,#22AB37,#179C2B,#179C2B,#179C2B,#179C2B,#179C2B,#179C2B,#179C2B,#179C2B,#179C2B,#179C2B,#22AB37,#22AB37,#22AB37,#22AB37,#22AB37,#22AB37,#22AB37,#22AB37,#22AB37,#22AB37
#179C2B,#179C2B,#179C2B,#179C2B,#179C2B,#179C2B,#179C2B,#179C2B,#179C2B,#179C2B,#22AB37,#22AB37,#22AB37,#22AB37,#22AB37,#22AB37,#22AB37,#22AB37,#22AB37,#22AB37,#22AB37,#22AB37,#22AB37,#22AB37,#22AB37,#22AB37,#22AB37,#22AB37,#22AB37,#22AB37,#179C2B,#179C2B,#179C2B,#179C2B,#179C2B,#179C2B,#179C2B,#179C2B,#179C2B,#179C2B,#22AB37,#22AB37,#22AB37,#22AB37,#22AB37,#22AB37,#22AB37,#22AB37,#22AB37,#22AB37
#179C2B,#179C2B,#179C2B,#179C2B,#179C2B,#179C2B,#179C2B,#179C2B,#179C2B,#179C2B,#22AB37,#22AB37,#22AB37,#22AB37,#22AB37,#22AB37,#22AB37,#22AB37,#22AB37,#22AB37,#22AB37,#22AB37,#22AB37,#22AB37,#22AB37,#22AB37,#22AB37,#22AB37,#22AB37,#22AB37,#179C2B,#179C2B,#179C2B,#179C2B,#179C2B,#179C2B,#179C2B,#179C2B,#179C2B,#179C2B,#22AB37,#22AB37,#22AB37,#22AB37,#22AB37,#22AB37,#22AB37,#22AB37,#22AB37,#22AB37
#179C2B,#179C2B,#179C2B,#179C2B,#179C2B,#179C2B,#179C2B,#179C2B,#179C2B,#179C2B,#22AB37,#22AB37,#22AB37,#22AB37,#22AB37,#22AB37,#22AB37,#22AB37,#22AB37,#22AB37,#22AB37,#22AB37,#22AB37,#22AB37,#22AB37,#22AB37,#22AB37,#22AB37,#22AB37,#22AB37,#179C2B,#179C2B,#179C2B,#179C2B,#179C2B,#179C2B,#179C2B,#179C2B,#179C2B,#179C2B,#22AB37,#22AB37,#22AB37,#22AB37,#22AB37,#22AB37,#22AB37,#22AB37,#22AB37,#22AB37
#179C2B,#179C2B,#179C2B,#179C2B,#179C2B,#179C2B,#179C2B,#179C2B,#179C2B,#179C2B,#22AB37,#22AB37,#22AB37,#22AB37,#22AB37,#22AB37,#22AB37,#22AB37,#22AB37,#22AB37,#22AB37,#22AB37,#22AB37,#22AB37,#22AB37,#22AB37,#22AB37,#22AB37,#22AB37,#22AB37,#179C2B,#179C2B,#179C2B,#179C2B,#179C2B,#179C2B,#179C2B,#179C2B,#179C2B,#179C2B,#22AB37,#22AB37,#22AB37,#22AB37,#22AB37,#22AB37,#22AB37,#22AB37,#22AB37,#22AB37
#179C2B,#179C2B,#179C2B,#179C2B,#179C2B,#179C2B,#179C2B,#179C2B,#179C2B,#179C2B,#22AB37,#22AB37,#22AB37,#22AB37,#22AB37,#22AB37,#22AB37,#22AB37,#22AB37,#22AB37,#22AB37,#22AB37,#22AB37,#22AB37,#22AB37,#22AB37,#22AB37,#22AB37,#22AB37,#22AB37,#179C2B,#179C2B,#179C2B,#179C2B,#179C2B,#179C2B,#179C2B,#179C2B,#179C2B,#179C2B,#22AB37,#22AB37,#22AB37,#22AB37,#22AB37,#22AB37,#22AB37,#22AB37,#22AB37,#22AB37
#179C2B,#179C2B,#179C2B,#179C2B,#179C2B,#179C2B,#179C2B,#179C2B,#179C2B,#179C2B,#22AB37,#22AB37,#22AB37,#22AB37,#22AB37,#22AB37,#22AB37,#22AB37,#22AB37,#22AB37,#22AB37,#22AB37,#22AB37,#22AB37,#22AB37,#22AB37,#22AB37,#22AB37,#22AB37,#22AB37,#179C2B,#179C2B,#179C2B,#179C2B,#179C2B,#179C2B,#179C2B,#179C2B,#179C2B,#179C2B,#22AB37,#22AB37,#22AB37,#22AB37,#22AB37,#22AB37,#22AB37,#22AB37,#22AB37,#22AB37
#179C2B,#179C2B,#179C2B,#179C2B,#179C2B,#179C2B,#179C2B,#179C2B,#179C2B,#179C2B,#22AB37,#22AB37,#22AB37,#22AB37,#22AB37,#22AB37,#22AB37,#22AB37,#22AB37,#22AB37,#22AB37,#22AB37,#22AB37,#22AB37,#22AB37,#22AB37,#22AB37,#22AB37,#22AB37,#22AB37,#179C2B,#179C2B,#179C2B,#179C2B,#179C2B,#179C2B,#179C2B,#179C2B,#179C2B,#179C2B,#22AB37,#22AB37,#22AB37,#22AB37,#22AB37,#22AB37,#22AB37,#22AB37,#22AB37,#22AB37
#179C2B,#179C2B,#179C2B,#179C2B,#179C2B,#179C2B,#179C2B,#179C2B,#179C2B,#179C2B,#22AB37,#22AB37,#22AB37,#22AB37,#22AB37,#22AB37,#22AB37,#22AB37,#22AB37,#22AB37,#22AB37,#22AB37,#22AB37,#22AB37,#22AB37,#22AB37,#22AB37,#22AB37,#22AB37,#22AB37,#179C2B,#179C2B,#179C2B,#179C2B,#179C2B,#179C2B,#179C2B,#179C2B,#179C2B,#179C2B,#22AB37,#22AB37,#22AB37,#22AB37,#22AB37,#22AB37,#22AB37,#22AB37,#22AB37,#22AB37
#22AB37,#22AB37,#22AB37,#22AB37,#22AB37,#22AB37,#22AB37,#22AB37,#22AB37,#22AB37,#835323,#835323,#835323,#835323,#835323,#835323,#835323,#835323,#835323,#835323,#179C2B,#179C2B,#179C2B,#179C2B,#179C2B,#179C2B,#179C2B,#179C2B,#179C2B,#179C2B,#835323,#835323,#835323,#835323,#835323,#835323,#835323,#835323,#835323,#835323,#179C2B,#179C2B,#179C2B,#179C2B,#179C2B,#179C2B,#179C2B,#179C2B,#179C2B,#179C2B
#22AB37,#22AB37,#22AB37,#22AB37,#22AB37,#22AB37,#22AB37,#22AB37,#22AB37,#22AB37,#835323,#835323,#835323,#835323,#835323,#835323,#835323,#835323,#835323,#835323,#179C2B,#179C2B,#179C2B,#179C2B,#179C2B,#179C2B,#179C2B,#179C2B,#179C2B,#179C2B,#835323,#835323,#835323,#835323,#835323,#835323,#835323,#835323,#835323,#835323,#179C2B,#179C2B,#179C2B,#179C2B,#179C2B,#179C2B,#179C2B,#179C2B,#179C2B,#179C2B
#22AB37,#22AB37,#22AB37,#22AB37,#22AB37,#22AB37,#22AB37,#22AB37,#22AB37,#22AB37,#835323,#835323,#835323,#835323,#835323,#835323,#835323,#835323,#835323,#835323,#179C2B,#179C2B,#179C2B,#179C2B,#179C2B,#179C2B,#179C2B,#179C2B,#179C2B,#179C2B,#835323,#835323,#835323,#835323,#835323,#835323,#835323,#835323,#835323,#835323,#179C2B,#179C2B,#179C2B,#179C2B,#179C2B,#179C2B,#179C2B,#179C2B,#179C2B,#179C2B
#22AB37,#22AB37,#22AB37,#22AB37,#22AB37,#22AB37,#22AB37,#22AB37,#22AB37,#22AB37,#835323,#835323,#835323,#835323,#835323,#835323,#835323,#835323,#835323,#835323,#179C2B,#179C2B,#179C2B,#179C2B,#179C2B,#179C2B,#179C2B,#179C2B,#179C2B,#179C2B,#835323,#835323,#835323,#835323,#835323,#835323,#835323,#835323,#835323,#835323,#179C2B,#179C2B,#179C2B,#179C2B,#179C2B,#179C2B,#179C2B,#179C2B,#179C2B,#179C2B
#22AB37,#22AB37,#22AB37,#22AB37,#22AB37,#22AB37,#22AB37,#22AB37,#22AB37,#22AB37,#835323,#835323,#835323,#835323,#835323,#835323,#835323,#835323,#835323,#835323,#179C2B,#179C2B,#179C2B,#179C2B,#179C2B,#179C2B,#179C2B,#179C2B,#179C2B,#179C2B,#835323,#835323,#835323,#835323,#835323,#835323,#835323,#835323,#835323,#835323,#179C2B,#179C2B,#179C2B,#179C2B,#179C2B,#179C2B,#179C2B,#179C2B,#179C2B,#179C2B
#22AB37,#22AB37,#22AB37,#22AB37,#22AB37,#22AB37,#22AB37,#22AB37,#22AB37,#22AB37,#835323,#835323,#835323,#835323,#835323,#835323,#835323,#835323,#835323,#835323,#179C2B,#179C2B,#179C2B,#179C2B,#179C2B,#179C2B,#179C2B,#179C2B,#179C2B,#179C2B,#835323,#835323,#835323,#835323,#835323,#835323,#835323,#835323,#835323,#835323,#179C2B,#179C2B,#179C2B,#179C2B,#179C2B,#179C2B,#179C2B,#179C2B,#179C2B,#179C2B
#22AB37,#22AB37,#22AB37,#22AB37,#22AB37,#22AB37,#22AB37,#22AB37,#22AB37,#22AB37,#835323,#835323,#835323,#835323,#835323,#835323,#835323,#835323,#835323,#835323,#179C2B,#179C2B,#179C2B,#179C2B,#179C2B,#179C2B,#179C2B,#179C2B,#179C2B,#179C2B,#835323,#835323,#835323,#835323,#835323,#835323,#835323,#835323,#835323,#835323,#179C2B,#179C2B,#179C2B,#179C2B,#179C2B,#179C2B,#179C2B,#179C2B,#179C2B,#179C2B
#22AB37,#22AB37,#22AB37,#22AB37,#22AB37,#22AB37,#22AB37,#22AB37,#22AB37,#22AB37,#835323,#835323,#835323,#835323,#835323,#835323,#835323,#835323,#835323,#835323,#179C2B,#179C2B,#179C2B,#179C2B,#179C2B,#179C2B,#179C2B,#179C2B,#179C2B,#179C2B,#835323,#835323,#835323,#835323,#835323,#835323,#835323,#835323,#835323,#835323,#179C2B,#179C2B,#179C2B,#179C2B,#179C2B,#179C2B,#179C2B,#179C2B,#179C2B,#179C2B
#22AB37,#22AB37,#22AB37,#22AB37,#22AB37,#22AB37,#22AB37,#22AB37,#22AB37,#22AB37,#835323,#835323,#835323,#835323,#835323,#835323,#835323,#835323,#835323,#835323,#179C2B,#179C2B,#179C2B,#179C2B,#179C2B,#179C2B,#179C2B,#179C2B,#179C2B,#179C2B,#835323,#835323,#835323,#835323,#835323,#835323,#835323,#835323,#835323,#835323,#179C2B,#179C2B,#179C2B,#179C2B,#179C2B,#179C2B,#179C2B,#179C2B,#179C2B,#179C2B
#22AB37,#22AB37,#22AB37,#22AB37,#22AB37,#22AB37,#22AB37,#22AB37,#22AB37,#22AB37,#835323,#835323,#835323,#835323,#835323,#835323,#835323,#835323,#835323,#835323,#179C2B,#179C2B,#179C2B,#179C2B,#179C2B,#179C2B,#179C2B,#179C2B,#179C2B,#179C2B,#835323,#835323,#835323,#835323,#835323,#835323,#835323,#835323,#835323,#835323,#179C2B,#179C2B,#179C2B,#179C2B,#179C2B,#179C2B,#179C2B,#179C2B,#179C2B,#179C2B
#CAECFF,#CAECFF,#CAECFF,#CAECFF,#CAECFF,#CAECFF,#CAECFF,#CAECFF,#CAECFF,#CAECFF,#835323,#835323,#835323,#835323,#835323,#835323,#835323,#835323,#835323,#835323,#835323,#835323,#835323,#835323,#835323,#835323,#835323,#835323,#835323,#835323,#835323,#835323,#835323,#835323,#835323,#835323,#835323,#835323,#835323,#835323,#CAECFF,#CAECFF,#CAECFF,#CAECFF,#CAECFF,#CAECFF,#CAECFF,#CAECFF,#CAECFF,#CAECFF
#CAECFF,#CAECFF,#CAECFF,#CAECFF,#CAECFF,#CAECFF,#CAECFF,#CAECFF,#CAECFF,#CAECFF,#835323,#835323,#835323,#835323,#835323,#835323,#835323,#835323,#835323,#835323,#835323,#835323,#835323,#835323,#835323,#835323,#835323,#835323,#835323,#835323,#835323,#835323,#835323,#835323,#835323,#835323,#835323,#835323,#835323,#835323,#CAECFF,#CAECFF,#CAECFF,#CAECFF,#CAECFF,#CAECFF,#CAECFF,#CAECFF,#CAECFF,#CAECFF
#CAECFF,#CAECFF,#CAECFF,#CAECFF,#CAECFF,#CAECFF,#CAECFF,#CAECFF,#CAECFF,#CAECFF,#835323,#835323,#835323,#835323,#835323,#835323,#835323,#835323,#835323,#835323,#835323,#835323,#835323,#835323,#835323,#835323,#835323,#835323,#835323,#835323,#835323,#835323,#835323,#835323,#835323,#835323,#835323,#835323,#835323,#835323,#CAECFF,#CAECFF,#CAECFF,#CAECFF,#CAECFF,#CAECFF,#CAECFF,#CAECFF,#CAECFF,#CAECFF
#CAECFF,#CAECFF,#CAECFF,#CAECFF,#CAECFF,#CAECFF,#CAECFF,#CAECFF,#CAECFF,#CAECFF,#835323,#835323,#835323,#835323,#835323,#835323,#835323,#835323,#835323,#835323,#835323,#835323,#835323,#835323,#835323,#835323,#835323,#835323,#835323,#835323,#835323,#835323,#835323,#835323,#835323,#835323,#835323,#835323,#835323,#835323,#CAECFF,#CAECFF,#CAECFF,#CAECFF,#CAECFF,#CAECFF,#CAECFF,#CAECFF,#CAECFF,#CAECFF
#CAECFF,#CAECFF,#CAECFF,#CAECFF,#CAECFF,#CAECFF,#CAECFF,#CAECFF,#CAECFF,#CAECFF,#835323,#835323,#835323,#835323,#835323,#835323,#835323,#835323,#835323,#835323,#835323,#835323,#835323,#835323,#835323,#835323,#835323,#835323,#835323,#835323,#835323,#835323,#835323,#835323,#835323,#835323,#835323,#835323,#835323,#835323,#CAECFF,#CAECFF,#CAECFF,#CAECFF,#CAECFF,#CAECFF,#CAECFF,#CAECFF,#CAECFF,#CAECFF
#CAECFF,#CAECFF,#CAECFF,#CAECFF,#CAECFF,#CAECFF,#CAECFF,#CAECFF,#CAECFF,#CAECFF,#835323,#835323,#835323,#835323,#835323,#835323,#835323,#835323,#835323,#835323,#835323,#835323,#835323,#835323,#835323,#835323,#835323,#835323,#835323,#835323,#835323,#835323,#835323,#835323,#835323,#835323,#835323,#835323,#835323,#835323,#CAECFF,#CAECFF,#CAECFF,#CAECFF,#CAECFF,#CAECFF,#CAECFF,#CAECFF,#CAECFF,#CAECFF
#CAECFF,#CAECFF,#CAECFF,#CAECFF,#CAECFF,#CAECFF,#CAECFF,#CAECFF,#CAECFF,#CAECFF,#835323,#835323,#835323,#835323,#835323,#835323,#835323,#835323,#835323,#835323,#835323,#835323,#835323,#835323,#835323,#835323,#835323,#835323,#835323,#835323,#835323,#835323,#835323,#835323,#835323,#835323,#835323,#835323,#835323,#835323,#CAECFF,#CAECFF,#CAECFF,#CAECFF,#CAECFF,#CAECFF,#CAECFF,#CAECFF,#CAECFF,#CAECFF
#CAECFF,#CAECFF,#CAECFF,#CAECFF,#CAECFF,#CAECFF,#CAECFF,#CAECFF,#CAECFF,#CAECFF,#835323,#835323,#835323,#835323,#835323,#835323,#835323,#835323,#835323,#835323,#835323,#835323,#835323,#835323,#835323,#835323,#835323,#835323,#835323,#835323,#835323,#835323,#835323,#835323,#835323,#835323,#835323,#835323,#835323,#835323,#CAECFF,#CAECFF,#CAECFF,#CAECFF,#CAECFF,#CAECFF,#CAECFF,#CAECFF,#CAECFF,#CAECFF
#CAECFF,#CAECFF,#CAECFF,#CAECFF,#CAECFF,#CAECFF,#CAECFF,#CAECFF,#CAECFF,#CAECFF,#835323,#835323,#835323,#835323,#835323,#835323,#835323,#835323,#835323,#835323,#835323,#835323,#835323,#835323,#835323,#835323,#835323,#835323,#835323,#835323,#835323,#835323,#835323,#835323,#835323,#835323,#835323,#835323,#835323,#835323,#CAECFF,#CAECFF,#CAECFF,#CAECFF,#CAECFF,#CAECFF,#CAECFF,#CAECFF,#CAECFF,#CAECFF
#CAECFF,#CAECFF,#CAECFF,#CAECFF,#CAECFF,#CAECFF,#CAECFF,#CAECFF,#CAECFF,#CAECFF,#835323,#835323,#835323,#835323,#835323,#835323,#835323,#835323,#835323,#835323,#835323,#835323,#835323,#835323,#835323,#835323,#835323,#835323,#835323,#835323,#835323,#835323,#835323,#835323,#835323,#835323,#835323,#835323,#835323,#835323,#CAECFF,#CAECFF,#CAECFF,#CAECFF,#CAECFF,#CAECFF,#CAECFF,#CAECFF,#CAECFF,#CAECFF
#CAECFF,#CAECFF,#CAECFF,#CAECFF,#CAECFF,#CAECFF,#CAECFF,#CAECFF,#CAECFF,#CAECFF,#CAECFF,#CAECFF,#CAECFF,#CAECFF,#CAECFF,#CAECFF,#CAECFF,#CAECFF,#CAECFF,#CAECFF,#835323,#835323,#835323,#835323,#835323,#835323,#835323,#835323,#835323,#835323,#CAECFF,#CAECFF,#CAECFF,#CAECFF,#CAECFF,#CAECFF,#CAECFF,#CAECFF,#CAECFF,#CAECFF,#CAECFF,#CAECFF,#CAECFF,#CAECFF,#CAECFF,#CAECFF,#CAECFF,#CAECFF,#CAECFF,#CAECFF
#CAECFF,#CAECFF,#CAECFF,#CAECFF,#CAECFF,#CAECFF,#CAECFF,#CAECFF,#CAECFF,#CAECFF,#CAECFF,#CAECFF,#CAECFF,#CAECFF,#CAECFF,#CAECFF,#CAECFF,#CAECFF,#CAECFF,#CAECFF,#835323,#835323,#835323,#835323,#835323,#835323,#835323,#835323,#835323,#835323,#CAECFF,#CAECFF,#CAECFF,#CAECFF,#CAECFF,#CAECFF,#CAECFF,#CAECFF,#CAECFF,#CAECFF,#CAECFF,#CAECFF,#CAECFF,#CAECFF,#CAECFF,#CAECFF,#CAECFF,#CAECFF,#CAECFF,#CAECFF
#CAECFF,#CAECFF,#CAECFF,#CAECFF,#CAECFF,#CAECFF,#CAECFF,#CAECFF,#CAECFF,#CAECFF,#CAECFF,#CAECFF,#CAECFF,#CAECFF,#CAECFF,#CAECFF,#CAECFF,#CAECFF,#CAECFF,#CAECFF,#835323,#835323,#835323,#835323,#835323,#835323,#835323,#835323,#835323,#835323,#CAECFF,#CAECFF,#CAECFF,#CAECFF,#CAECFF,#CAECFF,#CAECFF,#CAECFF,#CAECFF,#CAECFF,#CAECFF,#CAECFF,#CAECFF,#CAECFF,#CAECFF,#CAECFF,#CAECFF,#CAECFF,#CAECFF,#CAECFF
#CAECFF,#CAECFF,#CAECFF,#CAECFF,#CAECFF,#CAECFF,#CAECFF,#CAECFF,#CAECFF,#CAECFF,#CAECFF,#CAECFF,#CAECFF,#CAECFF,#CAECFF,#CAECFF,#CAECFF,#CAECFF,#CAECFF,#CAECFF,#835323,#835323,#835323,#835323,#835323,#835323,#835323,#835323,#835323,#835323,#CAECFF,#CAECFF,#CAECFF,#CAECFF,#CAECFF,#CAECFF,#CAECFF,#CAECFF,#CAECFF,#CAECFF,#CAECFF,#CAECFF,#CAECFF,#CAECFF,#CAECFF,#CAECFF,#CAECFF,#CAECFF,#CAECFF,#CAECFF
#CAECFF,#CAECFF,#CAECFF,#CAECFF,#CAECFF,#CAECFF,#CAECFF,#CAECFF,#CAECFF,#CAECFF,#CAECFF,#CAECFF,#CAECFF,#CAECFF,#CAECFF,#CAECFF,#CAECFF,#CAECFF,#CAECFF,#CAECFF,#835323,#835323,#835323,#835323,#835323,#835323,#835323,#835323,#835323,#835323,#CAECFF,#CAECFF,#CAECFF,#CAECFF,#CAECFF,#CAECFF,#CAECFF,#CAECFF,#CAECFF,#CAECFF,#CAECFF,#CAECFF,#CAECFF,#CAECFF,#CAECFF,#CAECFF,#CAECFF,#CAECFF,#CAECFF,#CAECFF
#CAECFF,#CAECFF,#CAECFF,#CAECFF,#CAECFF,#CAECFF,#CAECFF,#CAECFF,#CAECFF,#CAECFF,#CAECFF,#CAECFF,#CAECFF,#CAECFF,#CAECFF,#CAECFF,#CAECFF,#CAECFF,#CAECFF,#CAECFF,#835323,#835323,#835323,#835323,#835323,#835323,#835323,#835323,#835323,#835323,#CAECFF,#CAECFF,#CAECFF,#CAECFF,#CAECFF,#CAECFF,#CAECFF,#CAECFF,#CAECFF,#CAECFF,#CAECFF,#CAECFF,#CAECFF,#CAECFF,#CAECFF,#CAECFF,#CAECFF,#CAECFF,#CAECFF,#CAECFF
#CAECFF,#CAECFF,#CAECFF,#CAECFF,#CAECFF,#CAECFF,#CAECFF,#CAECFF,#CAECFF,#CAECFF,#CAECFF,#CAECFF,#CAECFF,#CAECFF,#CAECFF,#CAECFF,#CAECFF,#CAECFF,#CAECFF,#CAECFF,#835323,#835323,#835323,#835323,#835323,#835323,#835323,#835323,#835323,#835323,#CAECFF,#CAECFF,#CAECFF,#CAECFF,#CAECFF,#CAECFF,#CAECFF,#CAECFF,#CAECFF,#CAECFF,#CAECFF,#CAECFF,#CAECFF,#CAECFF,#CAECFF,#CAECFF,#CAECFF,#CAECFF,#CAECFF,#CAECFF
#CAECFF,#CAECFF,#CAECFF,#CAECFF,#CAECFF,#CAECFF,#CAECFF,#CAECFF,#CAECFF,#CAECFF,#CAECFF,#CAECFF,#CAECFF,#CAECFF,#CAECFF,#CAECFF,#CAECFF,#CAECFF,#CAECFF,#CAECFF,#835323,#835323,#835323,#835323,#835323,#835323,#835323,#835323,#835323,#835323,#CAECFF,#CAECFF,#CAECFF,#CAECFF,#CAECFF,#CAECFF,#CAECFF,#CAECFF,#CAECFF,#CAECFF,#CAECFF,#CAECFF,#CAECFF,#CAECFF,#CAECFF,#CAECFF,#CAECFF,#CAECFF,#CAECFF,#CAECFF
#CAECFF,#CAECFF,#CAECFF,#CAECFF,#CAECFF,#CAECFF,#CAECFF,#CAECFF,#CAECFF,#CAECFF,#CAECFF,#CAECFF,#CAECFF,#CAECFF,#CAECFF,#CAECFF,#CAECFF,#CAECFF,#CAECFF,#CAECFF,#835323,#835323,#835323,#835323,#835323,#835323,#835323,#835323,#835323,#835323,#CAECFF,#CAECFF,#CAECFF,#CAECFF,#CAECFF,#CAECFF,#CAECFF,#CAECFF,#CAECFF,#CAECFF,#CAECFF,#CAECFF,#CAECFF,#CAECFF,#CAECFF,#CAECFF,#CAECFF,#CAECFF,#CAECFF,#CAECFF
#CAECFF,#CAECFF,#CAECFF,#CAECFF,#CAECFF,#CAECFF,#CAECFF,#CAECFF,#CAECFF,#CAECFF,#CAECFF,#CAECFF,#CAECFF,#CAECFF,#CAECFF,#CAECFF,#CAECFF,#CAECFF,#CAECFF,#CAECFF,#835323,#835323,#835323,#835323,#835323,#835323,#835323,#835323,#835323,#835323,#CAECFF,#CAECFF,#CAECFF,#CAECFF,#CAECFF,#CAECFF,#CAECFF,#CAECFF,#CAECFF,#CAECFF,#CAECFF,#CAECFF,#CAECFF,#CAECFF,#CAECFF,#CAECFF,#CAECFF,#CAECFF,#CAECFF,#CAECFF
#314601,#314601,#314601,#314601,#314601,#314601,#314601,#314601,#314601,#314601,#314601,#314601,#314601,#314601,#314601,#314601,#314601,#314601,#314601,#314601,#314601,#314601,#314601,#314601,#314601,#314601,#314601,#314601,#314601,#314601,#314601,#314601,#314601,#314601,#314601,#314601,#314601,#314601,#314601,#314601,#314601,#314601,#314601,#314601,#314601,#314601,#314601,#314601,#314601,#314601
#314601,#314601,#314601,#314601,#314601,#314601,#314601,#314601,#314601,#314601,#314601,#314601,#314601,#314601,#314601,#314601,#314601,#314601,#314601,#314601,#314601,#314601,#314601,#314601,#314601,#314601,#314601,#314601,#314601,#314601,#314601,#314601,#314601,#314601,#314601,#314601,#314601,#314601,#314601,#314601,#314601,#314601,#314601,#314601,#314601,#314601,#314601,#314601,#314601,#314601
#314601,#314601,#314601,#314601,#314601,#314601,#314601,#314601,#314601,#314601,#314601,#314601,#314601,#314601,#314601,#314601,#314601,#314601,#314601,#314601,#314601,#314601,#314601,#314601,#314601,#314601,#314601,#314601,#314601,#314601,#314601,#314601,#314601,#314601,#314601,#314601,#314601,#314601,#314601,#314601,#314601,#314601,#314601,#314601,#314601,#314601,#314601,#314601,#314601,#314601
#314601,#314601,#314601,#314601,#314601,#314601,#314601,#314601,#314601,#314601,#314601,#314601,#314601,#314601,#314601,#314601,#314601,#314601,#314601,#314601,#314601,#314601,#314601,#314601,#314601,#314601,#314601,#314601,#314601,#314601,#314601,#314601,#314601,#314601,#314601,#314601,#314601,#314601,#314601,#314601,#314601,#314601,#314601,#314601,#314601,#314601,#314601,#314601,#314601,#314601
#314601,#314601,#314601,#314601,#314601,#314601,#314601,#314601,#314601,#314601,#314601,#314601,#314601,#314601,#314601,#314601,#314601,#314601,#314601,#314601,#314601,#314601,#314601,#314601,#314601,#314601,#314601,#314601,#314601,#314601,#314601,#314601,#314601,#314601,#314601,#314601,#314601,#314601,#314601,#314601,#314601,#314601,#314601,#314601,#314601,#314601,#314601,#314601,#314601,#314601
#314601,#314601,#314601,#314601,#314601,#314601,#314601,#314601,#314601,#314601,#314601,#314601,#314601,#314601,#314601,#314601,#314601,#314601,#314601,#314601,#314601,#314601,#314601,#314601,#314601,#314601,#314601,#314601,#314601,#314601,#314601,#314601,#314601,#314601,#314601,#314601,#314601,#314601,#314601,#314601,#314601,#314601,#314601,#314601,#314601,#314601,#314601,#314601,#314601,#314601
#314601,#314601,#314601,#314601,#314601,#314601,#314601,#314601,#314601,#314601,#314601,#314601,#314601,#314601,#314601,#314601,#314601,#314601,#314601,#314601,#314601,#314601,#314601,#314601,#314601,#314601,#314601,#314601,#314601,#314601,#314601,#314601,#314601,#314601,#314601,#314601,#314601,#314601,#314601,#314601,#314601,#314601,#314601,#314601,#314601,#314601,#314601,#314601,#314601,#314601
#314601,#314601,#314601,#314601,#314601,#314601,#314601,#314601,#314601,#314601,#314601,#314601,#314601,#314601,#314601,#314601,#314601,#314601,#314601,#314601,#314601,#314601,#314601,#314601,#314601,#314601,#314601,#314601,#314601,#314601,#314601,#314601,#314601,#314601,#314601,#314601,#314601,#314601,#314601,#314601,#314601,#314601,#314601,#314601,#314601,#314601,#314601,#314601,#314601,#314601
#314601,#314601,#314601,#314601,#314601,#314601,#314601,#314601,#314601,#314601,#314601,#314601,#314601,#314601,#314601,#314601,#314601,#314601,#314601,#314601,#314601,#314601,#314601,#314601,#314601,#314601,#314601,#314601,#314601,#314601,#314601,#314601,#314601,#314601,#314601,#314601,#314601,#314601,#314601,#314601,#314601,#314601,#314601,#314601,#314601,#314601,#314601,#314601,#314601,#314601
#314601,#314601,#314601,#314601,#314601,#314601,#314601,#314601,#314601,#314601,#314601,#314601,#314601,#314601,#314601,#314601,#314601,#314601,#314601,#314601,#314601,#314601,#314601,#314601,#314601,#314601,#314601,#314601,#314601,#314601,#314601,#314601,#314601,#314601,#314601,#314601,#314601,#314601,#314601,#314601,#314601,#314601,#314601,#314601,#314601,#314601,#314601,#314601,#314601,#314601
